{
	"credit": "Made with Blockbench",
	"texture_size": [18, 35],
	"textures": {
		"2": "item/torch"
	},
	"elements": [
		{
			"from": [7, 3, 7],
			"to": [9, 10, 9],
			"rotation": {"angle": 0, "axis": "y", "origin": [7, 3, 7]},
			"faces": {
				"north": {"uv": [0.88889, 0.45714, 2.66667, 3.65714], "texture": "#2"},
				"east": {"uv": [2.66667, 0.45714, 4.44444, 3.65714], "texture": "#2"},
				"south": {"uv": [4.44444, 0.45714, 6.22222, 3.65714], "texture": "#2"},
				"west": {"uv": [6.22222, 0.45714, 8, 3.65714], "texture": "#2"},
				"up": {"uv": [2.66667, 4.57143, 0.88889, 3.65714], "texture": "#2"},
				"down": {"uv": [4.44444, 3.65714, 2.66667, 4.57143], "texture": "#2"}
			}
		},
		{
			"from": [7, 0, 7],
			"to": [9, 3, 9],
			"rotation": {"angle": 0, "axis": "y", "origin": [7, 0, 7]},
			"faces": {
				"north": {"uv": [0.88889, 8.22857, 2.66667, 9.6], "texture": "#2"},
				"east": {"uv": [2.66667, 8.22857, 4.44444, 9.6], "texture": "#2"},
				"south": {"uv": [0.88889, 9.6, 2.66667, 10.97143], "texture": "#2"},
				"west": {"uv": [2.66667, 9.6, 4.44444, 10.97143], "texture": "#2"},
				"up": {"uv": [6.22222, 9.14286, 4.44444, 8.22857], "texture": "#2"},
				"down": {"uv": [6.22222, 9.14286, 4.44444, 10.05714], "texture": "#2"}
			}
		}
	],
	"gui_light": "front",
	"display": {
		"thirdperson_righthand": {
			"translation": [0, 5.75, 1.75]
		},
		"thirdperson_lefthand": {
			"translation": [0, 5, 2]
		},
		"firstperson_righthand": {
			"rotation": [-17, 0, 0],
			"translation": [1.5, 3.25, 0],
			"scale": [0.8, 0.8, 0.8]
		},
		"firstperson_lefthand": {
			"rotation": [-17, 0, 0],
			"translation": [1.5, 3.25, 0],
			"scale": [0.8, 0.8, 0.8]
		},
		"ground": {
			"rotation": [0, 0, -90.75],
			"translation": [3.5, -0.25, 0.25]
		},
		"gui": {
			"rotation": [0, -3, 0],
			"translation": [0, 0.25, 0]
		},
		"fixed": {
			"rotation": [-27.75, 0, 0],
			"translation": [0, 4, -2.5],
			"scale": [1.5, 1.5, 1.5]
		}
	}
}